script	w	h	seed	items	rendered	offscreen	occluded	skipped	nonwhite	gen_ms	raster_ms
artdeco	960	540	h0	7	6	1	0	26417	498683	0.011	3.218
artdeco	960	540	h1	33	23	2	8	1160166	298473	0.013	10.035
artdeco	960	540	h2	21	19	1	1	480089	440239	0.010	5.739
artdeco	960	540	h3	31	27	2	2	1267058	265939	0.011	9.406
artdeco	960	540	h4	33	23	2	8	1160166	298473	0.011	8.791
artdeco	960	540	h5	27	20	1	6	798249	218262	0.011	7.247
artdeco	960	540	h6	13	12	1	0	128018	483902	0.008	3.509
artdeco	960	540	h7	21	19	1	1	480089	440239	0.009	5.594
artdeco	960	540	h8	21	19	1	1	480089	440239	0.009	5.606
artdeco	960	540	h9	13	12	1	0	128018	483902	0.009	3.588
artdeco	960	540	h10	27	20	1	6	798249	218262	0.010	7.269
artdeco	960	540	h11	33	23	2	8	1160166	298473	0.011	8.668
artdeco	960	540	h12	31	27	2	2	1267058	265939	0.010	9.321
artdeco	960	540	h13	21	19	1	1	480089	440239	0.009	5.596
artdeco	960	540	h14	33	23	2	8	1160166	298473	0.014	8.718
artdeco	960	540	h15	7	6	1	0	26417	498683	0.008	2.284
artdeco	960	540	h16	33	23	2	8	1160166	298473	0.010	8.664
artdeco	960	540	h17	21	19	1	1	480089	440239	0.009	5.578
artdeco	960	540	h18	31	27	2	2	1267058	265939	0.010	9.414
artdeco	960	540	h19	33	23	2	8	1160166	298473	0.011	8.731
artdeco	960	540	h20	27	20	1	6	798249	218262	0.010	7.057
artdeco	960	540	h21	13	12	1	0	128018	483902	0.009	3.481
artdeco	960	540	h22	21	19	1	1	480089	440239	0.009	5.532
artdeco	960	540	h23	21	19	1	1	480089	440239	0.009	5.540
artdeco	200	200	h0	7	6	1	0	1832	38823	0.008	0.240
artdeco	200	200	h1	33	24	1	8	74852	23656	0.012	1.046
artdeco	200	200	h2	21	19	1	1	26020	34975	0.010	0.636
artdeco	200	200	h3	31	29	1	1	76973	21848	0.011	1.022
artdeco	200	200	h4	33	24	1	8	74852	23656	0.011	0.963
artdeco	200	200	h5	27	21	1	5	49350	22315	0.010	0.801
artdeco	200	200	h6	13	12	1	0	6933	37825	0.008	0.385
artdeco	200	200	h7	21	19	1	1	26020	34975	0.009	0.624
artdeco	200	200	h8	21	19	1	1	26020	34975	0.009	0.626
artdeco	200	200	h9	13	12	1	0	6933	37825	0.008	0.381
artdeco	200	200	h10	27	21	1	5	49350	22315	0.009	0.818
artdeco	200	200	h11	33	24	1	8	74852	23656	0.011	0.977
artdeco	200	200	h12	31	29	1	1	76973	21848	0.010	1.004
artdeco	200	200	h13	21	19	1	1	26020	34975	0.009	0.653
artdeco	200	200	h14	33	24	1	8	74852	23656	0.011	1.010
artdeco	200	200	h15	7	6	1	0	1832	38823	0.008	0.258
artdeco	200	200	h16	33	24	1	8	74852	23656	0.011	1.043
artdeco	200	200	h17	21	19	1	1	26020	34975	0.010	0.633
artdeco	200	200	h18	31	29	1	1	76973	21848	0.011	1.007
artdeco	200	200	h19	33	24	1	8	74852	23656	0.012	0.966
artdeco	200	200	h20	27	21	1	5	49350	22315	0.010	0.817
artdeco	200	200	h21	13	12	1	0	6933	37825	0.008	0.381
artdeco	200	200	h22	21	19	1	1	26020	34975	0.011	0.635
artdeco	200	200	h23	21	19	1	1	26020	34975	0.009	0.632
circuits	960	540	h0	351	337	14	0	198060	198060	0.217	2.727
circuits	960	540	h1	351	337	14	0	199512	199512	0.218	2.730
circuits	960	540	h2	25	19	6	0	197127	197127	0.029	2.227
circuits	960	540	h3	61	61	0	0	192850	192850	0.050	2.371
circuits	960	540	h4	61	61	0	0	198100	198100	0.050	2.364
circuits	960	540	h5	46	41	5	0	206388	206388	0.041	2.269
circuits	960	540	h6	351	337	14	0	200712	200712	0.240	2.756
circuits	960	540	h7	351	337	14	0	198536	198536	0.241	2.827
circuits	960	540	h8	25	19	6	0	196722	196722	0.030	2.201
circuits	960	540	h9	351	337	14	0	197732	197732	0.220	2.746
circuits	960	540	h10	171	145	26	0	198306	198306	0.114	2.593
circuits	960	540	h11	171	145	26	0	197352	197352	0.122	2.645
circuits	960	540	h12	16	16	0	0	201500	201500	0.025	2.162
circuits	960	540	h13	46	41	5	0	195480	195480	0.049	2.309
circuits	960	540	h14	16	16	0	0	204600	204600	0.027	2.231
circuits	960	540	h15	29	29	0	0	203119	203119	0.034	2.360
circuits	960	540	h16	171	145	26	0	198423	198423	0.111	2.615
circuits	960	540	h17	171	145	26	0	198333	198333	0.130	2.592
circuits	960	540	h18	29	29	0	0	198618	198618	0.032	2.357
circuits	960	540	h19	29	25	4	0	186688	186688	0.035	2.176
circuits	960	540	h20	92	85	7	0	201776	201776	0.067	2.494
circuits	960	540	h21	92	85	7	0	204096	204096	0.068	2.459
circuits	960	540	h22	16	16	0	0	192525	192525	0.025	2.173
circuits	960	540	h23	29	29	0	0	202391	202391	0.032	2.317
circuits	200	200	h0	37	26	11	0	15280	15280	0.037	0.232
circuits	200	200	h1	37	26	11	0	15328	15328	0.036	0.229
circuits	200	200	h2	5	5	0	0	13689	13689	0.018	0.191
circuits	200	200	h3	10	5	5	0	16875	16875	0.021	0.192
circuits	200	200	h4	10	5	5	0	16825	16825	0.022	0.194
circuits	200	200	h5	5	5	0	0	16672	16672	0.022	0.205
circuits	200	200	h6	37	26	11	0	15900	15900	0.036	0.224
circuits	200	200	h7	37	26	11	0	15452	15452	0.037	0.223
circuits	200	200	h8	5	5	0	0	13689	13689	0.018	0.186
circuits	200	200	h9	37	26	11	0	14984	14984	0.036	0.222
circuits	200	200	h10	17	17	0	0	14404	14404	0.025	0.217
circuits	200	200	h11	17	17	0	0	14497	14497	0.025	0.222
circuits	200	200	h12	5	2	3	0	15100	15100	0.017	0.197
circuits	200	200	h13	5	5	0	0	16168	16168	0.017	0.194
circuits	200	200	h14	2	2	0	0	15081	15081	0.013	0.176
circuits	200	200	h15	5	5	0	0	15323	15323	0.021	0.211
circuits	200	200	h16	17	17	0	0	14407	14407	0.025	0.223
circuits	200	200	h17	17	17	0	0	14560	14560	0.035	0.234
circuits	200	200	h18	5	5	0	0	15911	15911	0.017	0.192
circuits	200	200	h19	5	5	0	0	12416	12416	0.018	0.179
circuits	200	200	h20	10	10	0	0	15872	15872	0.022	0.203
circuits	200	200	h21	10	10	0	0	15984	15984	0.021	0.208
circuits	200	200	h22	2	2	0	0	17050	17050	0.014	0.176
circuits	200	200	h23	5	5	0	0	15325	15325	0.017	0.195
city	960	540	h0	351	169	182	0	74880	74880	0.266	2.320
city	960	540	h1	351	169	182	0	74668	74668	0.265	2.361
city	960	540	h2	25	13	12	0	92286	92286	0.034	2.007
city	960	540	h3	61	31	30	0	86825	86825	0.060	2.049
city	960	540	h4	61	31	30	0	82500	82500	0.063	2.019
city	960	540	h5	46	25	21	0	74916	74916	0.052	1.923
city	960	540	h6	351	169	182	0	76444	76444	0.276	2.310
city	960	540	h7	351	169	182	0	74868	74868	0.276	2.339
city	960	540	h8	25	13	12	0	94662	94662	0.033	2.018
city	960	540	h9	351	169	182	0	75732	75732	0.259	2.391
city	960	540	h10	171	81	90	0	79218	79218	0.135	2.207
city	960	540	h11	171	81	90	0	81252	81252	0.139	2.213
city	960	540	h12	16	11	5	0	79600	79600	0.027	1.969
city	960	540	h13	46	25	21	0	72720	72720	0.050	1.947
city	960	540	h14	16	11	5	0	84238	84238	0.028	1.830
city	960	540	h15	29	15	14	0	77175	77175	0.040	1.958
city	960	540	h16	171	81	90	0	80604	80604	0.152	2.193
city	960	540	h17	171	81	90	0	80118	80118	0.146	2.267
city	960	540	h18	29	15	14	0	80430	80430	0.037	1.884
city	960	540	h19	29	13	16	0	83840	83840	0.036	1.871
city	960	540	h20	92	49	43	0	75840	75840	0.083	2.048
city	960	540	h21	92	49	43	0	76640	76640	0.082	2.076
city	960	540	h22	16	11	5	0	69080	69080	0.026	1.863
city	960	540	h23	29	15	14	0	80549	80549	0.037	1.918
city	200	200	h0	37	16	21	0	6884	6884	0.042	0.205
city	200	200	h1	37	16	21	0	6652	6652	0.042	0.202
city	200	200	h2	5	3	2	0	6003	6003	0.018	0.189
city	200	200	h3	10	3	7	0	7200	7200	0.023	0.179
city	200	200	h4	10	3	7	0	6425	6425	0.023	0.154
city	200	200	h5	5	3	2	0	4056	4056	0.017	0.159
city	200	200	h6	37	16	21	0	6916	6916	0.043	0.208
city	200	200	h7	37	16	21	0	6132	6132	0.043	0.206
city	200	200	h8	5	3	2	0	8991	8991	0.018	0.181
city	200	200	h9	37	16	21	0	6268	6268	0.043	0.207
city	200	200	h10	17	9	8	0	6534	6534	0.031	0.206
city	200	200	h11	17	9	8	0	7089	7089	0.027	0.190
city	200	200	h12	5	2	3	0	11100	11100	0.019	0.186
city	200	200	h13	5	3	2	0	7596	7596	0.018	0.166
city	200	200	h14	2	2	0	0	15653	15653	0.014	0.183
city	200	200	h15	5	3	2	0	5887	5887	0.019	0.186
city	200	200	h16	17	9	8	0	6951	6951	0.028	0.195
city	200	200	h17	17	9	8	0	6630	6630	0.027	0.195
city	200	200	h18	5	3	2	0	7504	7504	0.018	0.171
city	200	200	h19	5	3	2	0	7808	7808	0.018	0.170
city	200	200	h20	10	7	3	0	5952	5952	0.022	0.174
city	200	200	h21	10	7	3	0	5904	5904	0.022	0.175
city	200	200	h22	2	2	0	0	10813	10813	0.014	0.182
city	200	200	h23	5	3	2	0	9184	9184	0.018	0.189
city2	960	540	h0	351	337	14	0	146408	146408	0.265	3.279
city2	960	540	h1	351	337	14	0	146116	146116	0.253	3.247
city2	960	540	h2	25	19	6	0	130113	130113	0.055	2.385
city2	960	540	h3	61	61	0	0	155200	155200	0.064	2.521
city2	960	540	h4	61	61	0	0	149950	149950	0.064	2.548
city2	960	540	h5	46	41	5	0	163584	163584	0.053	2.449
city2	960	540	h6	351	337	14	0	149628	149628	0.253	3.343
city2	960	540	h7	351	337	14	0	148760	148760	0.249	3.252
city2	960	540	h8	25	19	6	0	141507	141507	0.041	2.284
city2	960	540	h9	351	337	14	0	151464	151464	0.242	3.268
city2	960	540	h10	171	145	26	0	145395	145395	0.135	3.000
city2	960	540	h11	171	145	26	0	142488	142488	0.136	2.960
city2	960	540	h12	16	16	0	0	133300	133300	0.035	2.247
city2	960	540	h13	46	41	5	0	143244	143244	0.053	2.387
city2	960	540	h14	16	16	0	0	160526	160526	0.044	2.229
city2	960	540	h15	29	29	0	0	151859	151859	0.045	2.401
city2	960	540	h16	171	145	26	0	149814	149814	0.144	2.959
city2	960	540	h17	171	145	26	0	141075	141075	0.146	2.963
city2	960	540	h18	29	29	0	0	141779	141779	0.044	2.468
city2	960	540	h19	29	25	4	0	133120	133120	0.046	2.388
city2	960	540	h20	92	85	7	0	138928	138928	0.086	2.747
city2	960	540	h21	92	85	7	0	142128	142128	0.083	2.699
city2	960	540	h22	16	16	0	0	151217	151217	0.037	2.277
city2	960	540	h23	29	29	0	0	141646	141646	0.045	2.448
city2	200	200	h0	37	26	11	0	10768	10768	0.053	0.280
city2	200	200	h1	37	26	11	0	9652	9652	0.050	0.264
city2	200	200	h2	5	5	0	0	5337	5337	0.026	0.189
city2	200	200	h3	10	5	5	0	12750	12750	0.030	0.203
city2	200	200	h4	10	5	5	0	14150	14150	0.031	0.225
city2	200	200	h5	5	5	0	0	11956	11956	0.026	0.199
city2	200	200	h6	37	26	11	0	10728	10728	0.049	0.268
city2	200	200	h7	37	26	11	0	10380	10380	0.050	0.266
city2	200	200	h8	5	5	0	0	8496	8496	0.027	0.208
city2	200	200	h9	37	26	11	0	10636	10636	0.049	0.287
city2	200	200	h10	17	17	0	0	10869	10869	0.042	0.262
city2	200	200	h11	17	17	0	0	10266	10266	0.036	0.240
city2	200	200	h12	5	2	3	0	7000	7000	0.026	0.178
city2	200	200	h13	5	5	0	0	11140	11140	0.026	0.201
city2	200	200	h14	2	2	0	0	6699	6699	0.022	0.183
city2	200	200	h15	5	5	0	0	10642	10642	0.027	0.207
city2	200	200	h16	17	17	0	0	10893	10893	0.036	0.238
city2	200	200	h17	17	17	0	0	10356	10356	0.036	0.240
city2	200	200	h18	5	5	0	0	8360	8360	0.026	0.199
city2	200	200	h19	5	5	0	0	7616	7616	0.025	0.188
city2	200	200	h20	10	10	0	0	11120	11120	0.030	0.230
city2	200	200	h21	10	10	0	0	12944	12944	0.036	0.227
city2	200	200	h22	2	2	0	0	10131	10131	0.018	0.176
city2	200	200	h23	5	5	0	0	9037	9037	0.026	0.196
city_harness	960	540	h0	20737	85	20652	0	191008	191008	11.986	2.770
city_harness	960	540	h1	20737	85	20652	0	194736	194736	12.021	2.706
city_harness	960	540	h2	20737	85	20652	0	194992	194992	12.098	2.707
city_harness	960	540	h3	20737	85	20652	0	215216	215216	12.533	2.682
city_harness	960	540	h4	20737	85	20652	0	210848	210848	12.030	2.794
city_harness	960	540	h5	20737	85	20652	0	196080	196080	11.938	2.721
city_harness	960	540	h6	20737	85	20652	0	198848	198848	12.090	2.706
city_harness	960	540	h7	20737	85	20652	0	197632	197632	12.309	2.713
city_harness	960	540	h8	20737	85	20652	0	219072	219072	11.956	2.821
city_harness	960	540	h9	20737	85	20652	0	181024	181024	12.065	2.744
city_harness	960	540	h10	20737	85	20652	0	219072	219072	12.053	2.768
city_harness	960	540	h11	20737	85	20652	0	213072	213072	11.960	2.760
city_harness	960	540	h12	20737	85	20652	0	188192	188192	12.255	2.699
city_harness	960	540	h13	20737	85	20652	0	201120	201120	12.030	2.678
city_harness	960	540	h14	20737	85	20652	0	218560	218560	11.955	2.758
city_harness	960	540	h15	20737	85	20652	0	211808	211808	12.021	2.718
city_harness	960	540	h16	20737	85	20652	0	200880	200880	12.131	2.682
city_harness	960	540	h17	20737	85	20652	0	215312	215312	12.344	2.731
city_harness	960	540	h18	20737	85	20652	0	184672	184672	12.018	2.669
city_harness	960	540	h19	20737	85	20652	0	215312	215312	11.867	2.730
city_harness	960	540	h20	20737	85	20652	0	186672	186672	12.067	2.830
city_harness	960	540	h21	20737	85	20652	0	191936	191936	11.924	2.797
city_harness	960	540	h22	20737	85	20652	0	202384	202384	11.895	2.724
city_harness	960	540	h23	20737	85	20652	0	190832	190832	12.128	2.727
city_harness	200	200	h0	1601	10	1591	0	13584	13584	0.971	0.220
city_harness	200	200	h1	1601	10	1591	0	14816	14816	0.982	0.234
city_harness	200	200	h2	1601	10	1591	0	12272	12272	0.944	0.228
city_harness	200	200	h3	1601	10	1591	0	18336	18336	0.977	0.249
city_harness	200	200	h4	1601	10	1591	0	17408	17408	0.940	0.231
city_harness	200	200	h5	1601	10	1591	0	18240	18240	0.916	0.243
city_harness	200	200	h6	1601	10	1591	0	17408	17408	0.945	0.242
city_harness	200	200	h7	1601	10	1591	0	17616	17616	0.959	0.259
city_harness	200	200	h8	1601	10	1591	0	15696	15696	0.976	0.251
city_harness	200	200	h9	1601	10	1591	0	15392	15392	0.922	0.241
city_harness	200	200	h10	1601	10	1591	0	15696	15696	0.946	0.239
city_harness	200	200	h11	1601	10	1591	0	16832	16832	0.913	0.248
city_harness	200	200	h12	1601	10	1591	0	17312	17312	0.937	0.232
city_harness	200	200	h13	1601	10	1591	0	15888	15888	1.013	0.245
city_harness	200	200	h14	1601	10	1591	0	16448	16448	0.911	0.227
city_harness	200	200	h15	1601	10	1591	0	19344	19344	0.939	0.235
city_harness	200	200	h16	1601	10	1591	0	15888	15888	0.945	0.225
city_harness	200	200	h17	1601	10	1591	0	17904	17904	0.935	0.225
city_harness	200	200	h18	1601	10	1591	0	16048	16048	0.922	0.254
city_harness	200	200	h19	1601	10	1591	0	17904	17904	0.944	0.240
city_harness	200	200	h20	1601	10	1591	0	17312	17312	0.968	0.225
city_harness	200	200	h21	1601	10	1591	0	18112	18112	0.946	0.232
city_harness	200	200	h22	1601	10	1591	0	15440	15440	0.973	0.232
city_harness	200	200	h23	1601	10	1591	0	11664	11664	0.961	0.232
eyes	960	540	h0	8	4	4	0	19875	19875	0.054	1.580
eyes	960	540	h1	11	4	7	0	2411	2411	0.056	1.343
eyes	960	540	h2	12	8	4	0	23665	23665	0.057	1.574
eyes	960	540	h3	8	4	4	0	11715	11715	0.056	1.474
eyes	960	540	h4	11	6	5	0	20364	20364	0.055	1.668
eyes	960	540	h5	7	2	5	0	86	86	0.054	1.263
eyes	960	540	h6	8	1	7	0	0	0	0.054	1.255
eyes	960	540	h7	15	9	6	0	37466	36227	0.057	1.857
eyes	960	540	h8	9	3	6	0	2653	2653	0.057	1.327
eyes	960	540	h9	16	5	11	0	20402	20319	0.055	1.625
eyes	960	540	h10	14	5	9	0	6155	6155	0.055	1.424
eyes	960	540	h11	10	3	7	0	4121	4121	0.054	1.361
eyes	960	540	h12	10	5	5	0	11729	11727	0.054	1.462
eyes	960	540	h13	3	1	2	0	0	0	0.055	1.255
eyes	960	540	h14	5	1	4	0	0	0	0.054	1.290
eyes	960	540	h15	13	6	7	0	1861	1861	0.056	1.303
eyes	960	540	h16	8	5	3	0	4044	4044	0.053	1.381
eyes	960	540	h17	9	3	6	0	2975	2975	0.054	1.327
eyes	960	540	h18	12	7	5	0	17588	17532	0.055	1.520
eyes	960	540	h19	8	4	4	0	541	541	0.055	1.321
eyes	960	540	h20	9	5	4	0	13438	13438	0.056	1.472
eyes	960	540	h21	12	5	7	0	10494	10494	0.057	1.456
eyes	960	540	h22	7	2	5	0	3431	3431	0.059	1.340
eyes	960	540	h23	8	8	0	0	23932	23932	0.055	1.693
eyes	200	200	h0	7	4	3	0	589	589	0.044	0.134
eyes	200	200	h1	4	3	1	0	4574	4574	0.042	0.175
eyes	200	200	h2	9	5	4	0	5505	5496	0.043	0.186
eyes	200	200	h3	8	4	4	0	12982	12982	0.043	0.283
eyes	200	200	h4	7	1	6	0	0	0	0.044	0.117
eyes	200	200	h5	6	2	4	0	249	249	0.043	0.116
eyes	200	200	h6	5	2	3	0	1555	1555	0.045	0.122
eyes	200	200	h7	12	5	7	0	6990	6990	0.045	0.264
eyes	200	200	h8	3	1	2	0	0	0	0.041	0.105
eyes	200	200	h9	2	1	1	0	0	0	0.043	0.104
eyes	200	200	h10	10	3	7	0	566	566	0.045	0.125
eyes	200	200	h11	5	1	4	0	0	0	0.043	0.120
eyes	200	200	h12	7	3	4	0	3188	3188	0.044	0.176
eyes	200	200	h13	3	2	1	0	1579	1579	0.043	0.142
eyes	200	200	h14	4	2	2	0	96	96	0.041	0.109
eyes	200	200	h15	6	2	4	0	0	0	0.042	0.106
eyes	200	200	h16	4	4	0	0	1279	1279	0.042	0.123
eyes	200	200	h17	6	4	2	0	8051	7773	0.051	0.292
eyes	200	200	h18	8	4	4	0	3302	3128	0.053	0.179
eyes	200	200	h19	8	5	3	0	6185	6179	0.060	0.207
eyes	200	200	h20	7	5	2	0	5924	5914	0.043	0.225
eyes	200	200	h21	7	3	4	0	113	113	0.044	0.110
eyes	200	200	h22	8	4	4	0	3865	3865	0.046	0.178
eyes	200	200	h23	3	2	1	0	1680	1680	0.042	0.145
reconnected	960	540	h0	2	2	0	0	9025	183270	0.008	1.633
reconnected	960	540	h1	15	15	0	0	180818	183213	0.027	2.515
reconnected	960	540	h2	28	27	1	0	413748	191935	0.014	3.673
reconnected	960	540	h3	41	34	7	0	526414	196904	0.022	4.102
reconnected	960	540	h4	54	36	18	0	567742	186759	0.021	4.200
reconnected	960	540	h5	7	7	0	0	54150	183006	0.010	1.820
reconnected	960	540	h6	20	20	0	0	247267	188399	0.013	2.831
reconnected	960	540	h7	33	31	2	0	454702	186434	0.015	3.714
reconnected	960	540	h8	46	33	13	0	441718	188657	0.018	3.522
reconnected	960	540	h9	59	40	19	0	593202	192526	0.020	4.318
reconnected	960	540	h10	12	12	0	0	99230	182987	0.011	2.096
reconnected	960	540	h11	25	25	0	0	314089	187920	0.015	3.048
reconnected	960	540	h12	38	34	4	0	478014	186334	0.017	3.843
reconnected	960	540	h13	51	37	14	0	541556	189014	0.020	3.994
reconnected	960	540	h14	4	4	0	0	98534	183563	0.009	2.007
reconnected	960	540	h15	17	17	0	0	144292	186473	0.012	2.284
reconnected	960	540	h16	30	30	0	0	366409	186457	0.016	3.437
reconnected	960	540	h17	43	38	5	0	492763	185949	0.018	3.921
reconnected	960	540	h18	56	38	18	0	542758	181856	0.020	4.047
reconnected	960	540	h19	9	9	0	0	225701	185614	0.010	2.476
reconnected	960	540	h20	22	22	0	0	189545	188235	0.013	2.530
reconnected	960	540	h21	35	35	0	0	398029	188940	0.016	3.535
reconnected	960	540	h22	48	40	8	0	515104	187411	0.018	4.019
reconnected	960	540	h23	61	38	23	0	540664	185952	0.020	3.781
reconnected	200	200	h0	2	2	0	0	400	14056	0.009	0.145
reconnected	200	200	h1	15	13	2	0	6350	14360	0.012	0.205
reconnected	200	200	h2	28	12	16	0	6963	15217	0.014	0.219
reconnected	200	200	h3	41	15	26	0	9988	15331	0.017	0.188
reconnected	200	200	h4	54	12	42	0	7921	14549	0.023	0.202
reconnected	200	200	h5	7	7	0	0	2400	14333	0.010	0.152
reconnected	200	200	h6	20	14	6	0	6846	14816	0.012	0.198
reconnected	200	200	h7	33	12	21	0	7362	15015	0.015	0.212
reconnected	200	200	h8	46	12	34	0	8014	14702	0.021	0.198
reconnected	200	200	h9	59	12	47	0	7691	14474	0.022	0.213
reconnected	200	200	h10	12	12	0	0	4394	14054	0.011	0.178
reconnected	200	200	h11	25	18	6	1	8185	14803	0.013	0.195
reconnected	200	200	h12	38	14	24	0	7370	15014	0.017	0.201
reconnected	200	200	h13	51	14	37	0	7728	14529	0.020	0.204
reconnected	200	200	h14	4	4	0	0	4400	13375	0.009	0.178
reconnected	200	200	h15	17	16	1	0	5610	14760	0.012	0.183
reconnected	200	200	h16	30	15	15	0	6588	14690	0.016	0.200
reconnected	200	200	h17	43	12	31	0	6993	14721	0.018	0.196
reconnected	200	200	h18	56	13	43	0	7721	14627	0.022	0.212
reconnected	200	200	h19	9	9	0	0	9017	15390	0.011	0.188
reconnected	200	200	h20	22	17	5	0	5639	14249	0.014	0.219
reconnected	200	200	h21	35	16	19	0	6581	14617	0.015	0.199
reconnected	200	200	h22	48	13	35	0	6810	15143	0.020	0.203
reconnected	200	200	h23	61	15	46	0	9988	14689	0.022	0.200
seascape	960	540	h0	198	198	0	0	512615	187494	0.088	2.017
seascape	960	540	h1	203	203	0	0	529503	186734	0.093	2.070
seascape	960	540	h2	210	208	2	0	533840	185820	0.092	2.124
seascape	960	540	h3	205	203	2	0	505042	187601	0.092	2.035
seascape	960	540	h4	210	209	1	0	511877	188413	0.093	2.012
seascape	960	540	h5	204	199	5	0	542789	184310	0.092	2.195
seascape	960	540	h6	201	200	1	0	506426	188291	0.092	1.994
seascape	960	540	h7	209	206	3	0	537403	181995	0.095	2.098
seascape	960	540	h8	215	215	0	0	535563	182169	0.095	2.096
seascape	960	540	h9	211	211	0	0	502825	189749	0.096	1.981
seascape	960	540	h10	201	200	1	0	514730	187902	0.092	2.040
seascape	960	540	h11	208	207	1	0	531731	186711	0.092	2.062
seascape	960	540	h12	207	207	0	0	511152	184731	0.091	2.007
seascape	960	540	h13	211	211	0	0	523794	185448	0.092	2.043
seascape	960	540	h14	205	203	2	0	537582	184486	0.090	2.086
seascape	960	540	h15	200	199	1	0	498882	187670	0.096	2.000
seascape	960	540	h16	207	205	2	0	523723	184262	0.093	2.111
seascape	960	540	h17	213	211	2	0	540170	182606	0.093	2.133
seascape	960	540	h18	209	207	2	0	487579	190710	0.100	1.978
seascape	960	540	h19	201	201	0	0	515668	187569	0.090	2.024
seascape	960	540	h20	208	208	0	0	525196	186389	0.092	2.076
seascape	960	540	h21	204	203	1	0	497572	188557	0.103	1.985
seascape	960	540	h22	212	211	1	0	512945	188188	0.094	2.062
seascape	960	540	h23	216	214	2	0	529429	186665	0.096	2.059
seascape	200	200	h0	57	57	0	0	41569	14279	0.050	0.203
seascape	200	200	h1	63	61	2	0	41609	14518	0.049	0.217
seascape	200	200	h2	66	66	0	0	44499	13815	0.051	0.225
seascape	200	200	h3	65	63	2	0	42409	14348	0.051	0.204
seascape	200	200	h4	72	70	2	0	42612	14031	0.052	0.223
seascape	200	200	h5	60	59	1	0	47045	13818	0.049	0.251
seascape	200	200	h6	60	59	1	0	40152	14501	0.049	0.195
seascape	200	200	h7	65	64	1	0	43915	13643	0.051	0.212
seascape	200	200	h8	71	70	1	0	44861	14018	0.051	0.219
seascape	200	200	h9	66	66	0	0	42339	14129	0.058	0.219
seascape	200	200	h10	61	60	1	0	41993	13943	0.049	0.205
seascape	200	200	h11	65	65	0	0	43691	13928	0.051	0.215
seascape	200	200	h12	64	63	1	0	40843	14010	0.050	0.196
seascape	200	200	h13	70	67	3	0	42956	13986	0.051	0.209
seascape	200	200	h14	60	59	1	0	46338	13790	0.049	0.227
seascape	200	200	h15	57	57	0	0	39427	14446	0.049	0.191
seascape	200	200	h16	65	64	1	0	42124	14236	0.049	0.206
seascape	200	200	h17	71	71	0	0	46244	13707	0.051	0.225
seascape	200	200	h18	70	69	1	0	40485	14355	0.051	0.197
seascape	200	200	h19	59	58	1	0	41552	14281	0.049	0.229
seascape	200	200	h20	66	65	1	0	46247	14101	0.049	0.224
seascape	200	200	h21	63	62	1	0	39529	14469	0.050	0.191
seascape	200	200	h22	70	69	1	0	41252	14176	0.053	0.203
seascape	200	200	h23	77	76	1	0	47191	13455	0.052	0.246
seascape2	960	540	h0	776	607	159	10	166150	319801	0.370	2.248
seascape2	960	540	h1	794	618	166	10	192460	299985	0.379	2.363
seascape2	960	540	h2	786	619	162	5	146504	298389	0.361	2.200
seascape2	960	540	h3	774	598	171	5	146915	227243	0.374	2.199
seascape2	960	540	h4	812	612	197	3	138042	227856	0.385	2.180
seascape2	960	540	h5	810	644	162	4	189684	221576	0.368	2.376
seascape2	960	540	h6	797	599	196	2	352344	122490	0.413	2.200
seascape2	960	540	h7	810	622	187	1	392865	123832	0.370	2.340
seascape2	960	540	h8	867	686	180	1	395266	126703	0.390	2.465
seascape2	960	540	h9	762	579	180	3	352671	86719	0.349	2.181
seascape2	960	540	h10	780	609	161	10	393941	88698	0.376	2.476
seascape2	960	540	h11	806	649	153	4	402593	100524	0.372	2.393
seascape2	960	540	h12	812	624	184	4	475698	121065	0.388	2.652
seascape2	960	540	h13	825	645	178	2	415483	106191	0.390	2.408
seascape2	960	540	h14	830	662	156	12	423356	91411	0.386	2.591
seascape2	960	540	h15	794	642	151	1	376616	90707	0.377	2.302
seascape2	960	540	h16	833	654	177	2	408323	124249	0.377	2.461
seascape2	960	540	h17	830	635	194	1	390372	124058	0.410	2.331
seascape2	960	540	h18	760	572	187	1	356037	126017	0.347	2.166
seascape2	960	540	h19	773	575	183	15	152821	226724	0.359	2.251
seascape2	960	540	h20	798	631	165	2	169967	223582	0.361	2.268
seascape2	960	540	h21	783	614	168	1	153038	226732	0.358	2.224
seascape2	960	540	h22	802	620	177	5	163627	294966	0.413	2.367
seascape2	960	540	h23	850	644	193	13	219111	296371	0.420	2.859
seascape2	200	200	h0	212	186	17	9	19761	24581	0.129	0.290
seascape2	200	200	h1	213	183	23	7	20159	23119	0.131	0.286
seascape2	200	200	h2	233	213	17	3	16505	22651	0.129	0.297
seascape2	200	200	h3	207	181	25	1	16791	17504	0.129	0.290
seascape2	200	200	h4	235	194	40	1	15322	17320	0.142	0.267
seascape2	200	200	h5	246	212	33	1	20132	16822	0.137	0.307
seascape2	200	200	h6	218	176	42	0	30112	9592	0.129	0.246
seascape2	200	200	h7	239	204	35	0	36122	9836	0.138	0.303
seascape2	200	200	h8	290	249	41	0	37299	9883	0.157	0.320
seascape2	200	200	h9	179	158	20	1	33252	6440	0.111	0.275
seascape2	200	200	h10	197	184	13	0	37316	6669	0.115	0.319
seascape2	200	200	h11	224	190	34	0	37043	7711	0.139	0.314
seascape2	200	200	h12	224	192	30	2	42474	9875	0.147	0.353
seascape2	200	200	h13	229	197	31	1	38127	8023	0.137	0.316
seascape2	200	200	h14	233	202	31	0	36392	6983	0.130	0.316
seascape2	200	200	h15	214	183	31	0	31857	6801	0.126	0.294
seascape2	200	200	h16	254	219	35	0	37540	9834	0.141	0.311
seascape2	200	200	h17	269	227	42	0	38022	9975	0.147	0.323
seascape2	200	200	h18	189	162	27	0	33306	9912	0.114	0.267
seascape2	200	200	h19	205	172	32	1	15988	17494	0.119	0.286
seascape2	200	200	h20	230	204	25	1	17337	17224	0.129	0.304
seascape2	200	200	h21	210	180	29	1	18361	17060	0.139	0.350
seascape2	200	200	h22	240	207	30	3	17771	22220	0.137	0.288
seascape2	200	200	h23	269	214	47	8	24386	22516	0.173	0.327
seascape3	960	540	h0	295	272	22	1	284014	419119	0.087	2.473
seascape3	960	540	h1	294	273	20	1	238273	405179	0.100	2.435
seascape3	960	540	h2	284	260	20	4	187565	386603	0.073	2.285
seascape3	960	540	h3	250	231	18	1	150984	180655	0.062	2.404
seascape3	960	540	h4	255	234	20	1	153182	181232	0.065	2.389
seascape3	960	540	h5	260	236	23	1	174062	187299	0.073	2.400
seascape3	960	540	h6	243	223	20	0	374546	115813	0.062	2.367
seascape3	960	540	h7	246	225	21	0	383072	116201	0.062	2.355
seascape3	960	540	h8	251	229	22	0	411272	126334	0.063	2.421
seascape3	960	540	h9	235	215	20	0	362784	111825	0.059	2.343
seascape3	960	540	h10	240	217	23	0	389926	124441	0.062	2.387
seascape3	960	540	h11	263	240	23	0	469162	140911	0.080	2.599
seascape3	960	540	h12	256	236	20	0	486790	139430	0.077	2.604
seascape3	960	540	h13	256	234	22	0	464010	136399	0.077	2.504
seascape3	960	540	h14	247	227	20	0	401372	128474	0.061	2.386
seascape3	960	540	h15	235	215	20	0	374924	116645	0.061	2.341
seascape3	960	540	h16	244	224	20	0	395082	123778	0.061	2.377
seascape3	960	540	h17	253	230	23	0	394006	123756	0.087	2.350
seascape3	960	540	h18	243	223	20	0	376818	116748	0.061	2.316
seascape3	960	540	h19	253	232	20	1	159302	182334	0.065	2.454
seascape3	960	540	h20	262	238	23	1	178212	186314	0.064	2.482
seascape3	960	540	h21	250	229	20	1	143364	178105	0.063	2.405
seascape3	960	540	h22	282	258	23	1	158277	399683	0.071	2.232
seascape3	960	540	h23	312	288	23	1	233496	405534	0.091	2.432
seascape3	200	200	h0	141	124	16	1	32234	31191	0.075	0.304
seascape3	200	200	h1	140	124	15	1	23409	29755	0.074	0.272
seascape3	200	200	h2	130	113	16	1	18180	28906	0.058	0.248
seascape3	200	200	h3	96	81	14	1	15150	14682	0.051	0.261
seascape3	200	200	h4	101	86	14	1	15866	14805	0.052	0.280
seascape3	200	200	h5	106	86	19	1	16594	14737	0.053	0.287
seascape3	200	200	h6	89	75	14	0	31832	9887	0.049	0.248
seascape3	200	200	h7	94	79	15	0	32908	9867	0.049	0.250
seascape3	200	200	h8	97	81	16	0	35280	10640	0.050	0.263
seascape3	200	200	h9	81	67	14	0	31064	9854	0.048	0.240
seascape3	200	200	h10	86	70	16	0	33082	10402	0.048	0.254
seascape3	200	200	h11	109	91	18	0	38919	12100	0.066	0.280
seascape3	200	200	h12	102	90	12	0	43972	12066	0.065	0.311
seascape3	200	200	h13	102	88	14	0	43448	12380	0.066	0.298
seascape3	200	200	h14	93	79	14	0	34018	10677	0.049	0.259
seascape3	200	200	h15	81	69	12	0	31418	9822	0.048	0.244
seascape3	200	200	h16	90	73	17	0	31658	9673	0.058	0.287
seascape3	200	200	h17	101	84	17	0	33406	10545	0.052	0.266
seascape3	200	200	h18	89	75	14	0	31828	9821	0.050	0.256
seascape3	200	200	h19	99	84	14	1	15944	14801	0.051	0.262
seascape3	200	200	h20	108	91	16	1	18338	15222	0.052	0.263
seascape3	200	200	h21	96	80	15	1	13904	14240	0.051	0.256
seascape3	200	200	h22	128	112	15	1	16175	29693	0.058	0.254
seascape3	200	200	h23	158	140	17	1	25326	30361	0.078	0.284
thunderstorms	960	540	h0	37	35	2	0	114370	468994	0.015	2.578
thunderstorms	960	540	h1	40	38	2	0	166336	445650	0.015	2.978
thunderstorms	960	540	h2	43	41	2	0	215236	434593	0.016	3.459
thunderstorms	960	540	h3	46	44	2	0	231519	444528	0.016	3.328
thunderstorms	960	540	h4	49	45	4	0	270249	434539	0.019	3.671
thunderstorms	960	540	h5	52	50	2	0	368790	396522	0.017	4.401
thunderstorms	960	540	h6	55	50	5	0	429119	365377	0.017	4.603
thunderstorms	960	540	h7	58	53	5	0	436578	362747	0.017	4.489
thunderstorms	960	540	h8	61	55	6	0	536220	387061	0.017	5.254
thunderstorms	960	540	h9	64	54	10	0	546718	347128	0.018	5.385
thunderstorms	960	540	h10	67	65	2	0	371946	396870	0.020	4.312
thunderstorms	960	540	h11	70	64	6	0	379567	385186	0.020	4.630
thunderstorms	960	540	h12	73	67	6	0	503698	342947	0.019	5.211
thunderstorms	960	540	h13	76	69	7	0	502691	379894	0.020	5.714
thunderstorms	960	540	h14	43	41	2	0	244786	415889	0.015	3.729
thunderstorms	960	540	h15	82	71	11	0	564387	343105	0.020	5.614
thunderstorms	960	540	h16	85	66	18	1	610910	304821	0.021	5.370
thunderstorms	960	540	h17	88	67	21	0	628923	388689	0.021	5.526
thunderstorms	960	540	h18	91	67	24	0	563488	344794	0.023	5.779
thunderstorms	960	540	h19	46	44	2	0	399904	378752	0.015	4.450
thunderstorms	960	540	h20	97	88	9	0	664268	316487	0.023	6.175
thunderstorms	960	540	h21	100	89	11	0	589028	330638	0.023	5.964
thunderstorms	960	540	h22	103	92	11	0	749570	314618	0.023	6.585
thunderstorms	960	540	h23	106	87	19	0	714459	475116	0.024	5.711
thunderstorms	200	200	h0	37	31	6	0	32038	30499	0.015	0.564
thunderstorms	200	200	h1	40	32	8	0	31226	29937	0.016	0.565
thunderstorms	200	200	h2	43	32	11	0	29419	31107	0.016	0.516
thunderstorms	200	200	h3	46	30	16	0	31019	31470	0.022	0.536
thunderstorms	200	200	h4	49	30	19	0	24626	32396	0.016	0.455
thunderstorms	200	200	h5	52	28	24	0	22328	31631	0.017	0.433
thunderstorms	200	200	h6	55	26	29	0	21666	33244	0.017	0.387
thunderstorms	200	200	h7	58	24	34	0	20232	32034	0.018	0.376
thunderstorms	200	200	h8	61	22	39	0	19853	34368	0.018	0.370
thunderstorms	200	200	h9	64	22	42	0	19632	33340	0.018	0.360
thunderstorms	200	200	h10	67	39	28	0	36046	29048	0.019	0.744
thunderstorms	200	200	h11	70	41	29	0	34387	30782	0.019	0.583
thunderstorms	200	200	h12	73	35	38	0	28695	31557	0.020	0.524
thunderstorms	200	200	h13	76	31	45	0	29727	34074	0.021	0.504
thunderstorms	200	200	h14	43	24	19	0	25145	32493	0.016	0.452
thunderstorms	200	200	h15	82	25	57	0	24464	32438	0.021	0.437
thunderstorms	200	200	h16	85	26	59	0	20894	32994	0.021	0.389
thunderstorms	200	200	h17	88	24	64	0	21694	36322	0.021	0.399
thunderstorms	200	200	h18	91	22	69	0	20457	33537	0.021	0.422
thunderstorms	200	200	h19	46	19	27	0	21002	33420	0.016	0.381
thunderstorms	200	200	h20	97	38	59	0	30581	31052	0.022	0.588
thunderstorms	200	200	h21	100	39	61	0	32393	29192	0.022	0.564
thunderstorms	200	200	h22	103	29	74	0	29213	32569	0.022	0.514
thunderstorms	200	200	h23	106	37	67	2	37736	36351	0.026	0.480
welcome	960	540	h0	103	103	0	0	426	259237	0.012	1.617
welcome	960	540	h1	103	103	0	0	550	259205	0.011	1.590
welcome	960	540	h2	103	103	0	0	740	259140	0.011	1.576
welcome	960	540	h3	103	103	0	0	970	259055	0.011	1.587
welcome	960	540	h4	103	103	0	0	1270	258935	0.014	1.626
welcome	960	540	h5	103	103	0	0	1626	258787	0.011	1.587
welcome	960	540	h6	103	103	0	0	2050	258605	0.012	1.648
welcome	960	540	h7	103	103	0	0	2534	258393	0.011	1.703
welcome	960	540	h8	103	103	0	0	3076	258152	0.011	1.600
welcome	960	540	h9	103	103	0	0	3674	257883	0.011	1.627
welcome	960	540	h10	103	103	0	0	4334	257583	0.012	1.611
welcome	960	540	h11	103	103	0	0	5046	257257	0.011	1.627
welcome	960	540	h12	103	103	0	0	5836	256892	0.012	1.680
welcome	960	540	h13	103	103	0	0	6674	256503	0.012	1.633
welcome	960	540	h14	103	103	0	0	7572	256084	0.012	1.690
welcome	960	540	h15	103	103	0	0	8526	255637	0.012	1.804
welcome	960	540	h16	103	103	0	0	9544	255158	0.012	1.675
welcome	960	540	h17	103	103	0	0	10626	254647	0.012	1.696
welcome	960	540	h18	103	103	0	0	11772	254104	0.012	1.701
welcome	960	540	h19	103	103	0	0	12969	253535	0.011	1.727
welcome	960	540	h20	103	103	0	0	1030	259535	0.012	1.599
welcome	960	540	h21	103	103	0	0	1146	259507	0.012	1.604
welcome	960	540	h22	103	103	0	0	1338	259441	0.012	1.606
welcome	960	540	h23	103	103	0	0	1570	259355	0.012	1.608
welcome	200	200	h0	103	103	0	0	426	20039	0.012	0.160
welcome	200	200	h1	103	103	0	0	550	20011	0.012	0.142
welcome	200	200	h2	103	103	0	0	740	19946	0.012	0.147
welcome	200	200	h3	103	103	0	0	970	19864	0.012	0.163
welcome	200	200	h4	103	103	0	0	1270	19746	0.011	0.155
welcome	200	200	h5	103	103	0	0	1626	19601	0.012	0.186
welcome	200	200	h6	103	103	0	0	2050	19422	0.012	0.157
welcome	200	200	h7	103	103	0	0	2534	19211	0.011	0.165
welcome	200	200	h8	103	103	0	0	3076	18976	0.016	0.170
welcome	200	200	h9	103	103	0	0	3674	18701	0.011	0.172
welcome	200	200	h10	103	103	0	0	4334	18410	0.012	0.184
welcome	200	200	h11	103	103	0	0	5016	18066	0.012	0.201
welcome	200	200	h12	103	103	0	0	5776	17693	0.011	0.193
welcome	200	200	h13	103	103	0	0	6584	17288	0.012	0.214
welcome	200	200	h14	103	103	0	0	7452	16854	0.012	0.241
welcome	200	200	h15	103	103	0	0	8376	16397	0.011	0.216
welcome	200	200	h16	103	103	0	0	9364	15893	0.013	0.216
welcome	200	200	h17	103	103	0	0	10416	15379	0.013	0.248
welcome	200	200	h18	103	103	0	0	11532	14805	0.011	0.258
welcome	200	200	h19	103	103	0	0	12700	14226	0.011	0.244
welcome	200	200	h20	103	103	0	0	730	20186	0.011	0.139
welcome	200	200	h21	103	103	0	0	816	20145	0.011	0.143
welcome	200	200	h22	103	103	0	0	978	20067	0.011	0.144
welcome	200	200	h23	103	103	0	0	1180	19969	0.011	0.156
