script	canvas	path	rep	parse	gen	raster	items	skipped
artdeco	960x540	displaylist	1	0.043	0.008	2.345	7	26417
artdeco	960x540	displaylist	2	0.041	0.008	2.339	7	26417
artdeco	960x540	displaylist	3	0.040	0.008	2.313	7	26417
artdeco	960x540	displaylist	4	0.043	0.008	2.298	7	26417
artdeco	960x540	displaylist	5	0.039	0.008	2.328	7	26417
artdeco	960x540	displaylist	6	0.040	0.008	2.298	7	26417
artdeco	960x540	displaylist	7	0.039	0.008	2.345	7	26417
artdeco	960x540	displaylist	8	0.041	0.009	2.359	7	26417
artdeco	960x540	displaylist	9	0.041	0.008	2.364	7	26417
artdeco	960x540	displaylist-nomap	1	0.042	0.008	1.771	7	0
artdeco	960x540	displaylist-nomap	2	0.039	0.008	1.745	7	0
artdeco	960x540	displaylist-nomap	3	0.042	0.008	1.758	7	0
artdeco	960x540	displaylist-nomap	4	0.040	0.008	1.746	7	0
artdeco	960x540	displaylist-nomap	5	0.041	0.008	1.745	7	0
artdeco	960x540	displaylist-nomap	6	0.049	0.008	1.768	7	0
artdeco	960x540	displaylist-nomap	7	0.039	0.008	1.736	7	0
artdeco	960x540	displaylist-nomap	8	0.040	0.008	1.775	7	0
artdeco	960x540	displaylist-nomap	9	0.042	0.008	1.751	7	0
artdeco	200x200	displaylist	1	0.039	0.008	0.249	7	1832
artdeco	200x200	displaylist	2	0.042	0.008	0.255	7	1832
artdeco	200x200	displaylist	3	0.039	0.008	0.238	7	1832
artdeco	200x200	displaylist	4	0.041	0.008	0.246	7	1832
artdeco	200x200	displaylist	5	0.039	0.008	0.243	7	1832
artdeco	200x200	displaylist	6	0.039	0.008	0.237	7	1832
artdeco	200x200	displaylist	7	0.039	0.008	0.257	7	1832
artdeco	200x200	displaylist	8	0.038	0.007	0.238	7	1832
artdeco	200x200	displaylist	9	0.042	0.008	0.249	7	1832
artdeco	200x200	displaylist-nomap	1	0.039	0.007	0.191	7	0
artdeco	200x200	displaylist-nomap	2	0.041	0.009	0.209	7	0
artdeco	200x200	displaylist-nomap	3	0.039	0.008	0.191	7	0
artdeco	200x200	displaylist-nomap	4	0.041	0.008	0.203	7	0
artdeco	200x200	displaylist-nomap	5	0.038	0.007	0.192	7	0
artdeco	200x200	displaylist-nomap	6	0.041	0.008	0.204	7	0
artdeco	200x200	displaylist-nomap	7	0.038	0.008	0.193	7	0
artdeco	200x200	displaylist-nomap	8	0.039	0.008	0.191	7	0
artdeco	200x200	displaylist-nomap	9	0.042	0.008	0.201	7	0
circuits	960x540	displaylist	1	0.145	0.026	2.254	16	204600
circuits	960x540	displaylist	2	0.139	0.033	2.232	16	204600
circuits	960x540	displaylist	3	0.136	0.024	2.249	16	204600
circuits	960x540	displaylist	4	0.135	0.025	2.266	16	204600
circuits	960x540	displaylist	5	0.135	0.025	2.288	16	204600
circuits	960x540	displaylist	6	0.145	0.026	2.214	16	204600
circuits	960x540	displaylist	7	0.136	0.025	2.272	16	204600
circuits	960x540	displaylist	8	0.137	0.025	2.228	16	204600
circuits	960x540	displaylist	9	0.137	0.024	2.282	16	204600
circuits	960x540	displaylist-nomap	1	0.145	0.026	1.825	16	0
circuits	960x540	displaylist-nomap	2	0.137	0.025	1.834	16	0
circuits	960x540	displaylist-nomap	3	0.136	0.024	1.817	16	0
circuits	960x540	displaylist-nomap	4	0.135	0.024	1.846	16	0
circuits	960x540	displaylist-nomap	5	0.139	0.025	1.832	16	0
circuits	960x540	displaylist-nomap	6	0.148	0.026	1.936	16	0
circuits	960x540	displaylist-nomap	7	0.137	0.024	1.842	16	0
circuits	960x540	displaylist-nomap	8	0.145	0.026	1.820	16	0
circuits	960x540	displaylist-nomap	9	0.135	0.024	1.800	16	0
circuits	200x200	displaylist	1	0.138	0.014	0.189	2	15081
circuits	200x200	displaylist	2	0.148	0.015	0.187	2	15081
circuits	200x200	displaylist	3	0.134	0.014	0.176	2	15081
circuits	200x200	displaylist	4	0.144	0.015	0.183	2	15081
circuits	200x200	displaylist	5	0.141	0.019	0.197	2	15081
circuits	200x200	displaylist	6	0.138	0.014	0.176	2	15081
circuits	200x200	displaylist	7	0.134	0.014	0.187	2	15081
circuits	200x200	displaylist	8	0.141	0.014	0.185	2	15081
circuits	200x200	displaylist	9	0.144	0.015	0.180	2	15081
circuits	200x200	displaylist-nomap	1	0.143	0.015	0.157	2	0
circuits	200x200	displaylist-nomap	2	0.134	0.014	0.147	2	0
circuits	200x200	displaylist-nomap	3	0.144	0.015	0.149	2	0
circuits	200x200	displaylist-nomap	4	0.137	0.014	0.161	2	0
circuits	200x200	displaylist-nomap	5	0.144	0.015	0.154	2	0
circuits	200x200	displaylist-nomap	6	0.150	0.015	0.156	2	0
circuits	200x200	displaylist-nomap	7	0.145	0.015	0.157	2	0
circuits	200x200	displaylist-nomap	8	0.135	0.014	0.146	2	0
circuits	200x200	displaylist-nomap	9	0.140	0.014	0.148	2	0
city	960x540	displaylist	1	0.184	0.027	1.870	16	84238
city	960x540	displaylist	2	0.198	0.029	1.863	16	84238
city	960x540	displaylist	3	0.183	0.027	1.883	16	84238
city	960x540	displaylist	4	0.184	0.032	1.887	16	84238
city	960x540	displaylist	5	0.184	0.028	1.852	16	84238
city	960x540	displaylist	6	0.186	0.028	1.906	16	84238
city	960x540	displaylist	7	0.185	0.027	1.857	16	84238
city	960x540	displaylist	8	0.199	0.029	1.868	16	84238
city	960x540	displaylist	9	0.183	0.027	1.875	16	84238
city	960x540	displaylist-nomap	1	0.183	0.027	1.370	16	0
city	960x540	displaylist-nomap	2	0.185	0.028	1.421	16	0
city	960x540	displaylist-nomap	3	0.188	0.028	1.402	16	0
city	960x540	displaylist-nomap	4	0.186	0.028	1.373	16	0
city	960x540	displaylist-nomap	5	0.194	0.028	1.361	16	0
city	960x540	displaylist-nomap	6	0.184	0.027	1.360	16	0
city	960x540	displaylist-nomap	7	0.195	0.027	1.369	16	0
city	960x540	displaylist-nomap	8	0.191	0.028	1.390	16	0
city	960x540	displaylist-nomap	9	0.183	0.027	1.379	16	0
city	200x200	displaylist	1	0.185	0.013	0.177	2	15653
city	200x200	displaylist	2	0.185	0.014	0.190	2	15653
city	200x200	displaylist	3	0.197	0.014	0.188	2	15653
city	200x200	displaylist	4	0.197	0.015	0.189	2	15653
city	200x200	displaylist	5	0.184	0.014	0.186	2	15653
city	200x200	displaylist	6	0.184	0.014	0.177	2	15653
city	200x200	displaylist	7	0.185	0.014	0.196	2	15653
city	200x200	displaylist	8	0.184	0.013	0.176	2	15653
city	200x200	displaylist	9	0.195	0.014	0.181	2	15653
city	200x200	displaylist-nomap	1	0.186	0.014	0.155	2	0
city	200x200	displaylist-nomap	2	0.182	0.013	0.154	2	0
city	200x200	displaylist-nomap	3	0.185	0.014	0.165	2	0
city	200x200	displaylist-nomap	4	0.200	0.015	0.160	2	0
city	200x200	displaylist-nomap	5	0.188	0.014	0.150	2	0
city	200x200	displaylist-nomap	6	0.197	0.015	0.151	2	0
city	200x200	displaylist-nomap	7	0.184	0.014	0.151	2	0
city	200x200	displaylist-nomap	8	0.197	0.014	0.150	2	0
city	200x200	displaylist-nomap	9	0.186	0.014	0.156	2	0
city2	960x540	displaylist	1	0.268	0.036	2.228	16	160526
city2	960x540	displaylist	2	0.252	0.035	2.266	16	160526
city2	960x540	displaylist	3	0.266	0.037	2.214	16	160526
city2	960x540	displaylist	4	0.270	0.036	2.219	16	160526
city2	960x540	displaylist	5	0.268	0.036	2.280	16	160526
city2	960x540	displaylist	6	0.254	0.034	2.240	16	160526
city2	960x540	displaylist	7	0.273	0.037	2.246	16	160526
city2	960x540	displaylist	8	0.253	0.035	2.258	16	160526
city2	960x540	displaylist	9	0.252	0.034	2.245	16	160526
city2	960x540	displaylist-nomap	1	0.276	0.036	1.855	16	0
city2	960x540	displaylist-nomap	2	0.264	0.035	1.801	16	0
city2	960x540	displaylist-nomap	3	0.270	0.037	1.824	16	0
city2	960x540	displaylist-nomap	4	0.252	0.034	1.840	16	0
city2	960x540	displaylist-nomap	5	0.253	0.034	1.799	16	0
city2	960x540	displaylist-nomap	6	0.267	0.036	1.798	16	0
city2	960x540	displaylist-nomap	7	0.264	0.037	1.801	16	0
city2	960x540	displaylist-nomap	8	0.252	0.035	1.793	16	0
city2	960x540	displaylist-nomap	9	0.250	0.035	1.822	16	0
city2	200x200	displaylist	1	0.257	0.017	0.175	2	6699
city2	200x200	displaylist	2	0.272	0.018	0.186	2	6699
city2	200x200	displaylist	3	0.250	0.018	0.188	2	6699
city2	200x200	displaylist	4	0.250	0.018	0.176	2	6699
city2	200x200	displaylist	5	0.272	0.019	0.180	2	6699
city2	200x200	displaylist	6	0.250	0.017	0.192	2	6699
city2	200x200	displaylist	7	0.249	0.017	0.175	2	6699
city2	200x200	displaylist	8	0.266	0.019	0.178	2	6699
city2	200x200	displaylist	9	0.251	0.018	0.196	2	6699
city2	200x200	displaylist-nomap	1	0.250	0.017	0.142	2	0
city2	200x200	displaylist-nomap	2	0.267	0.019	0.143	2	0
city2	200x200	displaylist-nomap	3	0.268	0.018	0.150	2	0
city2	200x200	displaylist-nomap	4	0.249	0.017	0.140	2	0
city2	200x200	displaylist-nomap	5	0.265	0.018	0.149	2	0
city2	200x200	displaylist-nomap	6	0.253	0.018	0.157	2	0
city2	200x200	displaylist-nomap	7	0.248	0.018	0.139	2	0
city2	200x200	displaylist-nomap	8	0.269	0.018	0.148	2	0
city2	200x200	displaylist-nomap	9	0.251	0.017	0.140	2	0
city_harness	960x540	displaylist	1	0.144	11.866	2.814	20737	218560
city_harness	960x540	displaylist	2	0.132	12.240	2.721	20737	218560
city_harness	960x540	displaylist	3	0.132	12.493	2.740	20737	218560
city_harness	960x540	displaylist	4	0.133	12.334	2.761	20737	218560
city_harness	960x540	displaylist	5	0.133	12.693	2.720	20737	218560
city_harness	960x540	displaylist	6	0.141	12.279	2.857	20737	218560
city_harness	960x540	displaylist	7	0.141	12.423	2.727	20737	218560
city_harness	960x540	displaylist	8	0.133	12.339	2.742	20737	218560
city_harness	960x540	displaylist	9	0.148	12.435	2.814	20737	218560
city_harness	960x540	displaylist-nomap	1	0.133	12.652	2.362	20737	0
city_harness	960x540	displaylist-nomap	2	0.143	12.404	2.423	20737	0
city_harness	960x540	displaylist-nomap	3	0.136	12.306	2.360	20737	0
city_harness	960x540	displaylist-nomap	4	0.141	12.998	2.398	20737	0
city_harness	960x540	displaylist-nomap	5	0.133	12.264	2.417	20737	0
city_harness	960x540	displaylist-nomap	6	0.136	12.373	2.336	20737	0
city_harness	960x540	displaylist-nomap	7	0.143	12.407	2.364	20737	0
city_harness	960x540	displaylist-nomap	8	0.142	12.342	2.350	20737	0
city_harness	960x540	displaylist-nomap	9	0.135	11.968	2.320	20737	0
city_harness	200x200	displaylist	1	0.133	0.955	0.218	1601	16448
city_harness	200x200	displaylist	2	0.146	0.959	0.220	1601	16448
city_harness	200x200	displaylist	3	0.132	0.929	0.234	1601	16448
city_harness	200x200	displaylist	4	0.131	0.964	0.226	1601	16448
city_harness	200x200	displaylist	5	0.129	0.952	0.219	1601	16448
city_harness	200x200	displaylist	6	0.131	0.934	0.230	1601	16448
city_harness	200x200	displaylist	7	0.146	0.931	0.220	1601	16448
city_harness	200x200	displaylist	8	0.130	0.988	0.218	1601	16448
city_harness	200x200	displaylist	9	0.139	0.978	0.236	1601	16448
city_harness	200x200	displaylist-nomap	1	0.131	0.976	0.203	1601	0
city_harness	200x200	displaylist-nomap	2	0.131	0.980	0.193	1601	0
city_harness	200x200	displaylist-nomap	3	0.140	0.937	0.208	1601	0
city_harness	200x200	displaylist-nomap	4	0.131	1.007	0.193	1601	0
city_harness	200x200	displaylist-nomap	5	0.130	0.981	0.194	1601	0
city_harness	200x200	displaylist-nomap	6	0.140	0.931	0.204	1601	0
city_harness	200x200	displaylist-nomap	7	0.138	0.956	0.206	1601	0
city_harness	200x200	displaylist-nomap	8	0.134	0.944	0.194	1601	0
city_harness	200x200	displaylist-nomap	9	0.141	0.964	0.199	1601	0
eyes	960x540	displaylist	1	0.149	0.055	1.279	4	0
eyes	960x540	displaylist	2	0.139	0.053	1.335	4	0
eyes	960x540	displaylist	3	0.142	0.055	1.288	4	0
eyes	960x540	displaylist	4	0.142	0.055	1.327	4	0
eyes	960x540	displaylist	5	0.132	0.051	1.270	4	0
eyes	960x540	displaylist	6	0.133	0.052	1.291	4	0
eyes	960x540	displaylist	7	0.140	0.055	1.311	4	0
eyes	960x540	displaylist	8	0.133	0.052	1.292	4	0
eyes	960x540	displaylist	9	0.137	0.053	1.302	4	0
eyes	960x540	displaylist-nomap	1	0.133	0.058	0.767	4	0
eyes	960x540	displaylist-nomap	2	0.134	0.051	0.690	4	0
eyes	960x540	displaylist-nomap	3	0.132	0.051	0.693	4	0
eyes	960x540	displaylist-nomap	4	0.135	0.052	0.695	4	0
eyes	960x540	displaylist-nomap	5	0.132	0.051	0.730	4	0
eyes	960x540	displaylist-nomap	6	0.134	0.051	0.695	4	0
eyes	960x540	displaylist-nomap	7	0.135	0.078	0.742	4	0
eyes	960x540	displaylist-nomap	8	0.132	0.051	0.696	4	0
eyes	960x540	displaylist-nomap	9	0.133	0.051	0.695	4	0
eyes	200x200	displaylist	1	0.130	0.042	0.112	4	161
eyes	200x200	displaylist	2	0.133	0.042	0.114	4	161
eyes	200x200	displaylist	3	0.148	0.044	0.118	4	161
eyes	200x200	displaylist	4	0.131	0.043	0.111	4	161
eyes	200x200	displaylist	5	0.139	0.041	0.111	4	161
eyes	200x200	displaylist	6	0.132	0.041	0.111	4	161
eyes	200x200	displaylist	7	0.131	0.041	0.112	4	161
eyes	200x200	displaylist	8	0.133	0.041	0.116	4	161
eyes	200x200	displaylist	9	0.131	0.041	0.111	4	161
eyes	200x200	displaylist-nomap	1	0.135	0.042	0.071	4	0
eyes	200x200	displaylist-nomap	2	0.139	0.045	0.075	4	0
eyes	200x200	displaylist-nomap	3	0.133	0.042	0.080	4	0
eyes	200x200	displaylist-nomap	4	0.132	0.041	0.071	4	0
eyes	200x200	displaylist-nomap	5	0.131	0.043	0.069	4	0
eyes	200x200	displaylist-nomap	6	0.132	0.042	0.071	4	0
eyes	200x200	displaylist-nomap	7	0.152	0.046	0.077	4	0
eyes	200x200	displaylist-nomap	8	0.135	0.045	0.070	4	0
eyes	200x200	displaylist-nomap	9	0.143	0.045	0.074	4	0
reconnected	960x540	displaylist	1	0.050	0.008	1.600	2	9025
reconnected	960x540	displaylist	2	0.051	0.009	1.611	2	9025
reconnected	960x540	displaylist	3	0.050	0.008	1.678	2	9025
reconnected	960x540	displaylist	4	0.052	0.008	1.654	2	9025
reconnected	960x540	displaylist	5	0.050	0.008	1.627	2	9025
reconnected	960x540	displaylist	6	0.049	0.008	1.604	2	9025
reconnected	960x540	displaylist	7	0.051	0.009	1.606	2	9025
reconnected	960x540	displaylist	8	0.051	0.008	1.634	2	9025
reconnected	960x540	displaylist	9	0.050	0.008	1.660	2	9025
reconnected	960x540	displaylist-nomap	1	0.051	0.008	1.348	2	0
reconnected	960x540	displaylist-nomap	2	0.050	0.008	1.322	2	0
reconnected	960x540	displaylist-nomap	3	0.050	0.008	1.308	2	0
reconnected	960x540	displaylist-nomap	4	0.052	0.008	1.344	2	0
reconnected	960x540	displaylist-nomap	5	0.052	0.008	1.325	2	0
reconnected	960x540	displaylist-nomap	6	0.051	0.009	1.324	2	0
reconnected	960x540	displaylist-nomap	7	0.053	0.009	1.353	2	0
reconnected	960x540	displaylist-nomap	8	0.057	0.009	1.361	2	0
reconnected	960x540	displaylist-nomap	9	0.052	0.009	1.323	2	0
reconnected	200x200	displaylist	1	0.063	0.010	0.144	2	400
reconnected	200x200	displaylist	2	0.051	0.008	0.137	2	400
reconnected	200x200	displaylist	3	0.049	0.008	0.135	2	400
reconnected	200x200	displaylist	4	0.049	0.008	0.137	2	400
reconnected	200x200	displaylist	5	0.058	0.009	0.148	2	400
reconnected	200x200	displaylist	6	0.049	0.008	0.136	2	400
reconnected	200x200	displaylist	7	0.048	0.008	0.136	2	400
reconnected	200x200	displaylist	8	0.053	0.009	0.145	2	400
reconnected	200x200	displaylist	9	0.050	0.008	0.135	2	400
reconnected	200x200	displaylist-nomap	1	0.050	0.008	0.111	2	0
reconnected	200x200	displaylist-nomap	2	0.049	0.008	0.111	2	0
reconnected	200x200	displaylist-nomap	3	0.052	0.008	0.118	2	0
reconnected	200x200	displaylist-nomap	4	0.052	0.008	0.114	2	0
reconnected	200x200	displaylist-nomap	5	0.049	0.008	0.110	2	0
reconnected	200x200	displaylist-nomap	6	0.050	0.008	0.110	2	0
reconnected	200x200	displaylist-nomap	7	0.049	0.008	0.111	2	0
reconnected	200x200	displaylist-nomap	8	0.048	0.008	0.111	2	0
reconnected	200x200	displaylist-nomap	9	0.052	0.008	0.116	2	0
seascape	960x540	displaylist	1	0.180	0.089	2.056	197	507216
seascape	960x540	displaylist	2	0.181	0.089	2.034	197	507216
seascape	960x540	displaylist	3	0.196	0.094	2.007	197	507216
seascape	960x540	displaylist	4	0.182	0.089	2.075	197	507216
seascape	960x540	displaylist	5	0.179	0.091	1.986	197	507216
seascape	960x540	displaylist	6	0.188	0.090	1.995	197	507216
seascape	960x540	displaylist	7	0.181	0.099	2.070	197	507216
seascape	960x540	displaylist	8	0.183	0.096	2.013	197	507216
seascape	960x540	displaylist	9	0.182	0.089	1.992	197	507216
seascape	960x540	displaylist-nomap	1	0.184	0.091	1.995	197	0
seascape	960x540	displaylist-nomap	2	0.182	0.091	2.022	197	0
seascape	960x540	displaylist-nomap	3	0.182	0.091	2.049	197	0
seascape	960x540	displaylist-nomap	4	0.184	0.091	2.013	197	0
seascape	960x540	displaylist-nomap	5	0.185	0.090	2.001	197	0
seascape	960x540	displaylist-nomap	6	0.196	0.097	7.591	197	0
seascape	960x540	displaylist-nomap	7	0.183	0.090	2.050	197	0
seascape	960x540	displaylist-nomap	8	0.196	0.095	2.016	197	0
seascape	960x540	displaylist-nomap	9	0.181	0.090	2.005	197	0
seascape	200x200	displaylist	1	0.182	0.049	0.196	57	40814
seascape	200x200	displaylist	2	0.179	0.049	0.196	57	40814
seascape	200x200	displaylist	3	0.181	0.048	0.195	57	40814
seascape	200x200	displaylist	4	0.178	0.048	0.213	57	40814
seascape	200x200	displaylist	5	0.178	0.048	0.196	57	40814
seascape	200x200	displaylist	6	0.178	0.048	0.194	57	40814
seascape	200x200	displaylist	7	0.178	0.048	0.195	57	40814
seascape	200x200	displaylist	8	0.181	0.047	0.196	57	40814
seascape	200x200	displaylist	9	0.179	0.048	0.195	57	40814
seascape	200x200	displaylist-nomap	1	0.179	0.048	0.191	57	0
seascape	200x200	displaylist-nomap	2	0.180	0.048	0.201	57	0
seascape	200x200	displaylist-nomap	3	0.181	0.049	0.191	57	0
seascape	200x200	displaylist-nomap	4	0.180	0.047	0.190	57	0
seascape	200x200	displaylist-nomap	5	0.177	0.048	0.191	57	0
seascape	200x200	displaylist-nomap	6	0.180	0.048	0.190	57	0
seascape	200x200	displaylist-nomap	7	0.190	0.051	0.201	57	0
seascape	200x200	displaylist-nomap	8	0.191	0.051	0.265	57	0
seascape	200x200	displaylist-nomap	9	0.187	0.050	0.195	57	0
seascape2	960x540	displaylist	1	0.392	0.389	2.290	793	351754
seascape2	960x540	displaylist	2	0.378	0.358	2.207	793	351754
seascape2	960x540	displaylist	3	0.402	0.384	2.191	793	351754
seascape2	960x540	displaylist	4	0.379	0.364	2.143	793	351754
seascape2	960x540	displaylist	5	0.404	0.394	2.245	793	351754
seascape2	960x540	displaylist	6	0.407	0.361	2.171	793	351754
seascape2	960x540	displaylist	7	0.381	0.388	2.207	793	351754
seascape2	960x540	displaylist	8	0.375	0.357	2.198	793	351754
seascape2	960x540	displaylist	9	0.378	0.360	2.179	793	351754
seascape2	960x540	displaylist-nomap	1	0.403	0.369	1.911	793	0
seascape2	960x540	displaylist-nomap	2	0.379	0.392	1.992	793	0
seascape2	960x540	displaylist-nomap	3	0.374	0.358	1.958	793	0
seascape2	960x540	displaylist-nomap	4	0.373	0.358	1.935	793	0
seascape2	960x540	displaylist-nomap	5	0.392	0.382	1.990	793	0
seascape2	960x540	displaylist-nomap	6	0.380	0.368	1.900	793	0
seascape2	960x540	displaylist-nomap	7	0.384	0.361	1.902	793	0
seascape2	960x540	displaylist-nomap	8	0.379	0.375	1.939	793	0
seascape2	960x540	displaylist-nomap	9	0.377	0.388	1.903	793	0
seascape2	200x200	displaylist	1	0.395	0.135	0.310	218	34254
seascape2	200x200	displaylist	2	0.388	0.126	0.291	218	34254
seascape2	200x200	displaylist	3	0.380	0.126	0.292	218	34254
seascape2	200x200	displaylist	4	0.378	0.127	0.291	218	34254
seascape2	200x200	displaylist	5	0.398	0.135	0.310	218	34254
seascape2	200x200	displaylist	6	0.372	0.126	0.291	218	34254
seascape2	200x200	displaylist	7	0.378	0.127	0.321	218	34254
seascape2	200x200	displaylist	8	0.388	0.133	0.311	218	34254
seascape2	200x200	displaylist	9	0.397	0.134	0.305	218	34254
seascape2	200x200	displaylist-nomap	1	0.401	0.134	0.275	218	0
seascape2	200x200	displaylist-nomap	2	0.378	0.128	0.259	218	0
seascape2	200x200	displaylist-nomap	3	0.392	0.135	0.275	218	0
seascape2	200x200	displaylist-nomap	4	0.387	0.129	0.261	218	0
seascape2	200x200	displaylist-nomap	5	0.398	0.134	0.279	218	0
seascape2	200x200	displaylist-nomap	6	0.380	0.127	0.281	218	0
seascape2	200x200	displaylist-nomap	7	0.402	0.139	0.276	218	0
seascape2	200x200	displaylist-nomap	8	0.376	0.128	0.260	218	0
seascape2	200x200	displaylist-nomap	9	0.388	0.134	0.275	218	0
seascape3	960x540	displaylist	1	0.322	0.064	2.362	235	373420
seascape3	960x540	displaylist	2	0.321	0.064	2.386	235	373420
seascape3	960x540	displaylist	3	0.305	0.060	2.353	235	373420
seascape3	960x540	displaylist	4	0.311	0.062	2.432	235	373420
seascape3	960x540	displaylist	5	0.311	0.060	2.323	235	373420
seascape3	960x540	displaylist	6	0.303	0.061	2.345	235	373420
seascape3	960x540	displaylist	7	0.326	0.064	2.497	235	373420
seascape3	960x540	displaylist	8	0.311	0.062	2.315	235	373420
seascape3	960x540	displaylist	9	0.301	0.060	2.347	235	373420
seascape3	960x540	displaylist-nomap	1	0.304	0.060	1.903	235	0
seascape3	960x540	displaylist-nomap	2	0.312	0.065	2.013	235	0
seascape3	960x540	displaylist-nomap	3	0.316	0.060	1.933	235	0
seascape3	960x540	displaylist-nomap	4	0.303	0.059	1.901	235	0
seascape3	960x540	displaylist-nomap	5	0.305	0.060	1.956	235	0
seascape3	960x540	displaylist-nomap	6	0.314	0.062	1.960	235	0
seascape3	960x540	displaylist-nomap	7	0.327	0.064	2.008	235	0
seascape3	960x540	displaylist-nomap	8	0.316	0.060	1.936	235	0
seascape3	960x540	displaylist-nomap	9	0.304	0.059	1.949	235	0
seascape3	200x200	displaylist	1	0.321	0.052	0.259	81	31344
seascape3	200x200	displaylist	2	0.309	0.047	0.244	81	31344
seascape3	200x200	displaylist	3	0.307	0.049	0.246	81	31344
seascape3	200x200	displaylist	4	0.313	0.048	0.243	81	31344
seascape3	200x200	displaylist	5	0.313	0.049	0.262	81	31344
seascape3	200x200	displaylist	6	0.321	0.048	0.255	81	31344
seascape3	200x200	displaylist	7	0.320	0.055	0.259	81	31344
seascape3	200x200	displaylist	8	0.307	0.048	0.245	81	31344
seascape3	200x200	displaylist	9	0.332	0.052	0.255	81	31344
seascape3	200x200	displaylist-nomap	1	0.305	0.048	0.202	81	0
seascape3	200x200	displaylist-nomap	2	0.304	0.049	0.210	81	0
seascape3	200x200	displaylist-nomap	3	0.298	0.048	0.202	81	0
seascape3	200x200	displaylist-nomap	4	0.300	0.047	0.217	81	0
seascape3	200x200	displaylist-nomap	5	0.306	0.048	0.202	81	0
seascape3	200x200	displaylist-nomap	6	0.300	0.047	0.201	81	0
seascape3	200x200	displaylist-nomap	7	0.301	0.048	0.201	81	0
seascape3	200x200	displaylist-nomap	8	0.325	0.051	0.204	81	0
seascape3	200x200	displaylist-nomap	9	0.301	0.048	0.200	81	0
thunderstorms	960x540	displaylist	1	0.056	0.015	3.199	37	178685
thunderstorms	960x540	displaylist	2	0.053	0.014	3.215	37	178685
thunderstorms	960x540	displaylist	3	0.052	0.014	3.134	37	178685
thunderstorms	960x540	displaylist	4	0.053	0.014	3.151	37	178685
thunderstorms	960x540	displaylist	5	0.055	0.015	3.171	37	178685
thunderstorms	960x540	displaylist	6	0.055	0.014	3.159	37	178685
thunderstorms	960x540	displaylist	7	0.053	0.014	3.188	37	178685
thunderstorms	960x540	displaylist	8	0.052	0.015	3.146	37	178685
thunderstorms	960x540	displaylist	9	0.052	0.014	3.177	37	178685
thunderstorms	960x540	displaylist-nomap	1	0.053	0.014	2.713	37	0
thunderstorms	960x540	displaylist-nomap	2	0.062	0.015	2.679	37	0
thunderstorms	960x540	displaylist-nomap	3	0.052	0.014	2.674	37	0
thunderstorms	960x540	displaylist-nomap	4	0.053	0.015	2.716	37	0
thunderstorms	960x540	displaylist-nomap	5	0.052	0.014	2.659	37	0
thunderstorms	960x540	displaylist-nomap	6	0.053	0.014	2.660	37	0
thunderstorms	960x540	displaylist-nomap	7	0.058	0.015	2.674	37	0
thunderstorms	960x540	displaylist-nomap	8	0.057	0.015	2.751	37	0
thunderstorms	960x540	displaylist-nomap	9	0.053	0.014	2.657	37	0
thunderstorms	200x200	displaylist	1	0.053	0.015	0.294	37	9775
thunderstorms	200x200	displaylist	2	0.052	0.015	0.293	37	9775
thunderstorms	200x200	displaylist	3	0.061	0.016	0.312	37	9775
thunderstorms	200x200	displaylist	4	0.052	0.015	0.295	37	9775
thunderstorms	200x200	displaylist	5	0.052	0.015	0.295	37	9775
thunderstorms	200x200	displaylist	6	0.052	0.014	0.295	37	9775
thunderstorms	200x200	displaylist	7	0.052	0.015	0.294	37	9775
thunderstorms	200x200	displaylist	8	0.052	0.015	0.300	37	9775
thunderstorms	200x200	displaylist	9	0.051	0.015	0.294	37	9775
thunderstorms	200x200	displaylist-nomap	1	0.051	0.015	0.255	37	0
thunderstorms	200x200	displaylist-nomap	2	0.055	0.015	0.267	37	0
thunderstorms	200x200	displaylist-nomap	3	0.055	0.015	0.264	37	0
thunderstorms	200x200	displaylist-nomap	4	0.052	0.015	0.254	37	0
thunderstorms	200x200	displaylist-nomap	5	0.052	0.015	0.255	37	0
thunderstorms	200x200	displaylist-nomap	6	0.056	0.016	0.256	37	0
thunderstorms	200x200	displaylist-nomap	7	0.052	0.015	0.255	37	0
thunderstorms	200x200	displaylist-nomap	8	0.072	0.018	0.272	37	0
thunderstorms	200x200	displaylist-nomap	9	0.055	0.016	0.261	37	0
welcome	960x540	displaylist	1	0.041	0.011	1.625	103	1626
welcome	960x540	displaylist	2	0.042	0.011	1.588	103	1626
welcome	960x540	displaylist	3	0.042	0.012	1.621	103	1626
welcome	960x540	displaylist	4	0.043	0.012	1.626	103	1626
welcome	960x540	displaylist	5	0.044	0.012	1.608	103	1626
welcome	960x540	displaylist	6	0.042	0.011	1.595	103	1626
welcome	960x540	displaylist	7	0.044	0.012	1.742	103	1626
welcome	960x540	displaylist	8	0.043	0.012	1.620	103	1626
welcome	960x540	displaylist	9	0.043	0.012	1.595	103	1626
welcome	960x540	displaylist-nomap	1	0.042	0.012	1.272	103	0
welcome	960x540	displaylist-nomap	2	0.042	0.011	1.270	103	0
welcome	960x540	displaylist-nomap	3	0.042	0.011	1.337	103	0
welcome	960x540	displaylist-nomap	4	0.041	0.012	1.302	103	0
welcome	960x540	displaylist-nomap	5	0.042	0.011	1.275	103	0
welcome	960x540	displaylist-nomap	6	0.041	0.011	1.271	103	0
welcome	960x540	displaylist-nomap	7	0.045	0.013	1.317	103	0
welcome	960x540	displaylist-nomap	8	0.043	0.012	1.311	103	0
welcome	960x540	displaylist-nomap	9	0.043	0.011	1.301	103	0
welcome	200x200	displaylist	1	0.041	0.012	0.160	103	1626
welcome	200x200	displaylist	2	0.042	0.011	0.160	103	1626
welcome	200x200	displaylist	3	0.041	0.011	0.160	103	1626
welcome	200x200	displaylist	4	0.042	0.011	0.159	103	1626
welcome	200x200	displaylist	5	0.044	0.012	0.163	103	1626
welcome	200x200	displaylist	6	0.041	0.011	0.159	103	1626
welcome	200x200	displaylist	7	0.043	0.012	0.164	103	1626
welcome	200x200	displaylist	8	0.042	0.011	0.161	103	1626
welcome	200x200	displaylist	9	0.043	0.011	0.162	103	1626
welcome	200x200	displaylist-nomap	1	0.041	0.011	0.134	103	0
welcome	200x200	displaylist-nomap	2	0.044	0.012	0.142	103	0
welcome	200x200	displaylist-nomap	3	0.043	0.012	0.141	103	0
welcome	200x200	displaylist-nomap	4	0.044	0.012	0.144	103	0
welcome	200x200	displaylist-nomap	5	0.042	0.011	0.152	103	0
welcome	200x200	displaylist-nomap	6	0.040	0.011	0.145	103	0
welcome	200x200	displaylist-nomap	7	0.041	0.011	0.133	103	0
welcome	200x200	displaylist-nomap	8	0.046	0.011	0.150	103	0
welcome	200x200	displaylist-nomap	9	0.044	0.012	0.151	103	0
